Referring domain,Authority Score
memoriesandsuch.com,14
piutravels.com,8
takes.sbs,2
wants.cfd,3
factmags.com,4
onpyeonglike.blogspot.com,2
sitelike.org,45
startupsabha.com,2
tntcode.com,26
allwebsitesdirectory.com,2
australianwebdirectory.shop,3
bestwebstats.com,2
domain.com.lc,2
domainanalysis.org,2
domainsc.com,2
egyptiandirectory.com,2
getwebsiteworth.com,3
globalecommerce.org,3
indians.cc,3
knows.sbs,2
lawyerinjeddah.com,2
linksnatcher.com,2
musweb.org,2
pagesearch.net,2
pophoney.blogspot.com,0
preparation.co.in,2
runningwebsites.net,2
seodomains.website,3
seol.store,2
takes.homes,2
tunca.org,2
wallpapers.pro,2
way2check.cv,3
websiterace.com,2
websitescrawl.art,2
08hr.blogspot.com,2
2x9.co,2
acorenit.vercel.app,2
alljobs.info,2
analyticshaven.top,6
atomizelink.icu,5
blinks.monster,2
blinks.sbs,2
booksreadr.org,4
byteshort.xyz,6
carplz.com,2
domainwork.space,2
facetoram.vercel.app,2
findinfo.in,2
getonline.co.in,2
goooogla.com,4
hebagh.cv,2
indexaward.com,2
knows.monster,2
libyanatravel.com,2
mammothskiresortairportbikosashi.blogspot.com,2
nithyanandapedia.org,23
optimisedwebsites.com,2
procycling.org,2
pudhe.com,2
queries.co.in,2
read.org.in,2
ready.pro,4
screenshots.wiki,5
taxies.biz,2
theface.in,2
thirty.co.in,2
toeddro.com,2
uaewebdirectory.info,2
wonvision.com,2
ycm.info,2
1000.co.in,2
5913231.cc,0
all-aged-domains.com,5
alltopleveldomains.space,0
anchorurl.cloud,5
backlinkhouse.com,2
backlinkon.com,2
backlinksbank.com,3
backlinkshouse.com,2
backlinkstree.com,2
bing.com,97
blacksonwhites.com,2
blogsphere.top,6
breachviews.com,2
businessvocal.com,2
buzzshrink.website,6
cheapsmmprovider.info,2
cheapsmmprovider.online,2
creativeposts.top,6
dailymusings.top,5
directorylinkservice.com,3
domaineye.com,16
domains.com.bz,2
domraider.eu.com,0
domraider.gb.net,0
domraider.it.com,0
domurus.vercel.app,2
